,index,Food,Hobbies,Household
0,0,23178.0,3764.0,5689.0
1,1,22758.0,3357.0,5634.0
2,2,17174.0,2682.0,3927.0
3,3,18878.0,2669.0,3865.0
4,4,14603.0,1814.0,2729.0
5,5,22093.0,3220.0,3898.0
6,6,20490.0,2944.0,4576.0
7,7,27751.0,3986.0,6195.0
8,8,24862.0,2899.0,4975.0
9,9,18901.0,2615.0,4056.0
10,10,16963.0,2547.0,3561.0
11,11,17655.0,2457.0,3546.0
12,12,17340.0,2700.0,3716.0
13,13,19038.0,2822.0,4585.0
14,14,25187.0,3699.0,5947.0
15,15,26656.0,3417.0,6307.0
16,16,16015.0,2233.0,3556.0
17,17,17425.0,2554.0,4091.0
18,18,15351.0,2170.0,3922.0
19,19,14290.0,2049.0,3979.0
20,20,16594.0,2284.0,4843.0
21,21,20938.0,4142.0,6609.0
22,22,20028.0,2978.0,6277.0
23,23,16373.0,2735.0,4858.0
24,24,14043.0,2459.0,3999.0
25,25,13932.0,2758.0,4067.0
26,26,13733.0,2559.0,3985.0
27,27,15480.0,2675.0,4374.0
28,28,19905.0,4088.0,5915.0
29,29,20660.0,2118.0,5929.0
30,30,15066.0,1771.0,4403.0
31,31,16568.0,1833.0,4471.0
32,32,16218.0,1675.0,4153.0
33,33,17242.0,1855.0,4378.0
34,34,17512.0,1653.0,4407.0
35,35,23072.0,2096.0,6034.0
36,36,24909.0,3795.0,6172.0
37,37,17588.0,2687.0,4287.0
38,38,16280.0,2519.0,3953.0
39,39,16039.0,2955.0,3566.0
40,40,16007.0,2686.0,3933.0
41,41,18125.0,2688.0,4759.0
42,42,22545.0,3630.0,6050.0
43,43,22239.0,3282.0,5896.0
44,44,17859.0,2500.0,4576.0
45,45,17284.0,2522.0,4215.0
46,46,15685.0,2736.0,4344.0
47,47,15081.0,2434.0,4264.0
48,48,16267.0,2687.0,4901.0
49,49,20467.0,3702.0,6430.0
50,50,20289.0,3174.0,6180.0
51,51,15973.0,2499.0,4629.0
52,52,14176.0,2303.0,4013.0
53,53,13214.0,2384.0,3632.0
54,54,12959.0,2347.0,3548.0
55,55,15485.0,3239.0,4626.0
56,56,19943.0,3524.0,6153.0
57,57,20229.0,3537.0,6100.0
58,58,14704.0,2738.0,4007.0
59,59,13389.0,2388.0,3804.0
60,60,12891.0,2503.0,3534.0
61,61,14675.0,3120.0,3947.0
62,62,19357.0,3544.0,5408.0
63,63,22603.0,3996.0,6879.0
64,64,23396.0,3504.0,6158.0
65,65,17511.0,2862.0,4479.0
66,66,17253.0,2393.0,3935.0
67,67,16584.0,2427.0,3645.0
68,68,16448.0,2643.0,3810.0
69,69,17212.0,3145.0,4397.0
70,70,22221.0,3501.0,6023.0
71,71,22238.0,3364.0,5934.0
72,72,17589.0,2941.0,4299.0
73,73,16825.0,2607.0,3786.0
74,74,15232.0,2572.0,3807.0
75,75,15324.0,2674.0,3966.0
76,76,18016.0,2807.0,4659.0
77,77,19817.0,3371.0,6046.0
78,78,20547.0,3026.0,6214.0
79,79,15127.0,2790.0,4472.0
80,80,13454.0,2179.0,3841.0
81,81,13799.0,2356.0,4033.0
82,82,13741.0,2176.0,3851.0
83,83,16889.0,2474.0,4916.0
84,84,20924.0,3058.0,5593.0
85,85,16870.0,2446.0,4702.0
86,86,12922.0,2865.0,4217.0
87,87,11883.0,2517.0,3713.0
88,88,11616.0,2515.0,3798.0
89,89,11680.0,2500.0,3965.0
90,90,14714.0,2907.0,5114.0
91,91,17776.0,4039.0,6286.0
92,92,19746.0,3381.0,5918.0
93,93,15703.0,2590.0,4544.0
94,94,16581.0,3002.0,4497.0
95,95,14160.0,2549.0,4052.0
96,96,14778.0,2605.0,3801.0
97,97,17267.0,2828.0,4391.0
98,98,19679.0,3466.0,5267.0
99,99,16383.0,2880.0,4425.0
100,100,17988.0,2670.0,4366.0
101,101,15767.0,2584.0,3880.0
102,102,15180.0,2781.0,4204.0
103,103,15559.0,2811.0,4043.0
104,104,17382.0,3153.0,5113.0
105,105,19108.0,3580.0,6048.0
106,106,21766.0,3466.0,6088.0
107,107,15034.0,3001.0,4178.0
108,108,13313.0,2433.0,3867.0
109,109,12618.0,2485.0,3667.0
110,110,12732.0,2181.0,3771.0
111,111,14330.0,2886.0,4433.0
112,112,17661.0,3604.0,5847.0
113,113,17855.0,3105.0,5286.0
114,114,14392.0,2626.0,3936.0
115,115,13175.0,2336.0,3692.0
116,116,13070.0,2316.0,3672.0
117,117,13744.0,2729.0,4007.0
118,118,14825.0,3272.0,4384.0
119,119,17214.0,3214.0,5099.0
120,120,16161.0,2532.0,4756.0
121,121,15540.0,2159.0,4839.0
122,122,13042.0,2188.0,4325.0
123,123,15746.0,2478.0,4941.0
124,124,15980.0,2375.0,4326.0
125,125,18741.0,2974.0,5066.0
126,126,21155.0,3014.0,6141.0
127,127,22466.0,3204.0,5934.0
128,128,19283.0,2710.0,4692.0
129,129,18430.0,2393.0,4266.0
130,130,17456.0,2845.0,4152.0
131,131,17956.0,2593.0,4233.0
132,132,17965.0,3471.0,4983.0
133,133,20553.0,3453.0,5934.0
134,134,22662.0,2616.0,5816.0
135,135,18447.0,2695.0,4610.0
136,136,17047.0,2781.0,4327.0
137,137,18274.0,2652.0,4332.0
138,138,15713.0,2802.0,4191.0
139,139,17170.0,2836.0,4706.0
140,140,19647.0,3545.0,5633.0
141,141,18141.0,2878.0,5087.0
142,142,16915.0,2703.0,4643.0
143,143,15323.0,2298.0,4189.0
144,144,14630.0,2558.0,4213.0
145,145,15464.0,2822.0,4494.0
146,146,16530.0,3116.0,4992.0
147,147,17915.0,3140.0,5427.0
148,148,19008.0,3124.0,5536.0
149,149,15491.0,2837.0,4314.0
150,150,13457.0,2515.0,3828.0
151,151,13565.0,2522.0,3843.0
152,152,14731.0,2570.0,4150.0
153,153,21397.0,3757.0,5879.0
154,154,23387.0,3681.0,5933.0
155,155,21577.0,2734.0,4862.0
156,156,16825.0,2308.0,3900.0
157,157,19385.0,2660.0,4551.0
158,158,18922.0,2939.0,4741.0
159,159,19122.0,2690.0,4915.0
160,160,19641.0,2787.0,5251.0
161,161,22573.0,3568.0,6345.0
162,162,22079.0,3175.0,6285.0
163,163,19331.0,2493.0,4768.0
164,164,17762.0,2553.0,4317.0
165,165,16805.0,2528.0,4112.0
166,166,16738.0,2392.0,4317.0
167,167,19505.0,2913.0,4931.0
168,168,21333.0,3552.0,5984.0
169,169,21346.0,3202.0,5786.0
170,170,17203.0,2875.0,4561.0
171,171,15379.0,2550.0,4002.0
172,172,15844.0,2512.0,4131.0
173,173,15826.0,2483.0,4469.0
174,174,18194.0,3077.0,5085.0
175,175,20353.0,3666.0,6265.0
176,176,19889.0,3185.0,5725.0
177,177,15676.0,2749.0,4470.0
178,178,14496.0,2520.0,4179.0
179,179,14207.0,2330.0,3967.0
180,180,14523.0,2527.0,4193.0
181,181,16711.0,2700.0,5131.0
182,182,18794.0,3714.0,6445.0
183,183,19672.0,2951.0,6054.0
184,184,18297.0,2990.0,5320.0
185,185,17788.0,2768.0,4919.0
186,186,19290.0,2978.0,4969.0
187,187,16481.0,2566.0,4666.0
188,188,18719.0,2684.0,5191.0
189,189,22291.0,3517.0,6151.0
190,190,22867.0,2811.0,6328.0
191,191,19237.0,2428.0,4689.0
192,192,19192.0,2626.0,4395.0
193,193,17236.0,2784.0,4558.0
194,194,17803.0,2459.0,4446.0
195,195,20262.0,2958.0,5324.0
196,196,23357.0,3223.0,6423.0
197,197,24373.0,3132.0,6404.0
198,198,20767.0,2655.0,5089.0
199,199,17832.0,2601.0,4833.0
200,200,16681.0,2397.0,4603.0
201,201,16613.0,2306.0,4457.0
202,202,18594.0,3007.0,5403.0
203,203,21992.0,3568.0,6698.0
204,204,24065.0,2983.0,6925.0
205,205,17855.0,2577.0,4892.0
206,206,15800.0,2371.0,4446.0
207,207,15068.0,2690.0,4177.0
208,208,14616.0,2501.0,4297.0
209,209,16363.0,2943.0,4962.0
210,210,20449.0,3506.0,6428.0
211,211,21993.0,2431.0,6202.0
212,212,15733.0,1939.0,4413.0
213,213,13750.0,2263.0,4337.0
214,214,14788.0,2316.0,4619.0
215,215,18505.0,2624.0,5170.0
216,216,20388.0,3092.0,5728.0
217,217,23937.0,3513.0,6582.0
218,218,19081.0,2284.0,5560.0
219,219,21743.0,2581.0,5834.0
220,220,18482.0,2744.0,4908.0
221,221,17462.0,2288.0,4695.0
222,222,16918.0,2548.0,4582.0
223,223,19975.0,2748.0,5523.0
224,224,23036.0,3160.0,6834.0
225,225,24875.0,2949.0,6808.0
226,226,19155.0,2257.0,4726.0
227,227,17899.0,2167.0,4579.0
228,228,16848.0,2283.0,4374.0
229,229,19053.0,2543.0,4747.0
230,230,18696.0,2550.0,5687.0
231,231,22345.0,3198.0,6652.0
232,232,22705.0,2853.0,6476.0
233,233,17218.0,2355.0,4794.0
234,234,16017.0,2250.0,4408.0
235,235,15245.0,2328.0,4223.0
236,236,15254.0,2318.0,4287.0
237,237,18562.0,2787.0,5357.0
238,238,22717.0,2992.0,6757.0
239,239,23802.0,2919.0,6507.0
240,240,17037.0,2492.0,4561.0
241,241,16115.0,2393.0,4280.0
242,242,15712.0,2316.0,4165.0
243,243,15503.0,2462.0,4418.0
244,244,20642.0,3363.0,6177.0
245,245,27178.0,3938.0,8196.0
246,246,26994.0,3012.0,7208.0
247,247,22299.0,2983.0,5173.0
248,248,18876.0,2569.0,4669.0
249,249,19340.0,2190.0,4383.0
250,250,19367.0,2356.0,4343.0
251,251,21904.0,2952.0,5129.0
252,252,26152.0,3448.0,6330.0
253,253,26780.0,2864.0,6296.0
254,254,21598.0,2749.0,5054.0
255,255,20286.0,2764.0,4377.0
256,256,20503.0,2334.0,4577.0
257,257,19143.0,2448.0,4525.0
258,258,21228.0,2928.0,5729.0
259,259,27704.0,3545.0,7177.0
260,260,26041.0,2983.0,7103.0
261,261,19880.0,2549.0,5163.0
262,262,17184.0,2358.0,4660.0
263,263,15683.0,2565.0,4193.0
264,264,15824.0,2306.0,4272.0
265,265,18939.0,2890.0,5301.0
266,266,23055.0,3413.0,6683.0
267,267,23194.0,3177.0,6505.0
268,268,17135.0,2581.0,4800.0
269,269,15736.0,2361.0,4340.0
270,270,14886.0,2675.0,4581.0
271,271,15679.0,2765.0,4538.0
272,272,18609.0,3046.0,5225.0
273,273,22851.0,3758.0,6610.0
274,274,22638.0,3022.0,6193.0
275,275,15441.0,2808.0,4446.0
276,276,18137.0,2835.0,5067.0
277,277,17526.0,2616.0,4666.0
278,278,19801.0,2985.0,5116.0
279,279,19957.0,3014.0,5625.0
280,280,26236.0,3734.0,6917.0
281,281,27911.0,3100.0,6876.0
282,282,20030.0,2437.0,4811.0
283,283,18567.0,2388.0,4233.0
284,284,19506.0,2457.0,4129.0
285,285,18691.0,2602.0,4854.0
286,286,21652.0,2778.0,5325.0
287,287,25772.0,3486.0,6664.0
288,288,26203.0,2688.0,6457.0
289,289,19385.0,2663.0,4725.0
290,290,19738.0,2416.0,4547.0
291,291,17172.0,2373.0,4383.0
292,292,16538.0,2350.0,4226.0
293,293,18711.0,2764.0,5032.0
294,294,23660.0,3229.0,6656.0
295,295,23044.0,3203.0,6506.0
296,296,18295.0,2516.0,4763.0
297,297,18554.0,2285.0,4815.0
298,298,23261.0,2460.0,5066.0
299,299,14489.0,1140.0,2798.0
300,300,16733.0,2631.0,4634.0
301,301,17121.0,2948.0,5223.0
302,302,19262.0,2615.0,5257.0
303,303,15668.0,2449.0,4261.0
304,304,14907.0,2769.0,3908.0
305,305,14770.0,2393.0,3926.0
306,306,18321.0,3151.0,4796.0
307,307,21160.0,3164.0,5403.0
308,308,27404.0,4238.0,6487.0
309,309,25427.0,3318.0,6333.0
310,310,21909.0,2623.0,4688.0
311,311,20495.0,2661.0,4111.0
312,312,18883.0,2581.0,3989.0
313,313,19365.0,2747.0,4235.0
314,314,21637.0,2955.0,4846.0
315,315,25296.0,3417.0,6073.0
316,316,27114.0,2830.0,5799.0
317,317,22015.0,2831.0,4305.0
318,318,20528.0,2443.0,3942.0
319,319,20201.0,2485.0,4108.0
320,320,22490.0,2894.0,4260.0
321,321,21275.0,2914.0,4696.0
322,322,24797.0,3270.0,6092.0
323,323,23652.0,2802.0,5633.0
324,324,19961.0,2627.0,4480.0
325,325,19255.0,2620.0,4387.0
326,326,19578.0,2763.0,4321.0
327,327,20555.0,2945.0,4682.0
328,328,25966.0,3350.0,5330.0
329,329,23432.0,2580.0,3946.0
330,330,13.0,0.0,0.0
331,331,19210.0,3244.0,5578.0
332,332,17379.0,2538.0,4734.0
333,333,17401.0,2548.0,4842.0
334,334,17149.0,2427.0,4965.0
335,335,23501.0,3581.0,6570.0
336,336,25041.0,2849.0,5861.0
337,337,15898.0,1825.0,4084.0
338,338,23631.0,3082.0,6340.0
339,339,21115.0,2649.0,4987.0
340,340,18627.0,2526.0,4668.0
341,341,21132.0,2433.0,4934.0
342,342,22325.0,2957.0,5123.0
343,343,27327.0,3468.0,6348.0
344,344,27712.0,2708.0,6302.0
345,345,21688.0,2203.0,4315.0
346,346,19807.0,2467.0,4366.0
347,347,21772.0,2844.0,4428.0
348,348,18816.0,2110.0,3789.0
349,349,21831.0,2631.0,5001.0
350,350,26918.0,3371.0,6526.0
351,351,27677.0,2977.0,5805.0
352,352,22421.0,2797.0,5330.0
353,353,16683.0,1988.0,3516.0
354,354,18539.0,2508.0,4301.0
355,355,17552.0,2414.0,4068.0
356,356,19766.0,2419.0,5019.0
357,357,27425.0,3827.0,7326.0
358,358,23909.0,2585.0,6093.0
359,359,17725.0,2426.0,4551.0
360,360,16927.0,2462.0,4160.0
361,361,16204.0,2244.0,3960.0
362,362,16251.0,2550.0,4436.0
363,363,19221.0,2789.0,5189.0
364,364,24127.0,3696.0,6539.0
365,365,24108.0,3212.0,6257.0
366,366,18278.0,2227.0,4683.0
367,367,17948.0,2492.0,4684.0
368,368,20989.0,3012.0,5850.0
369,369,20819.0,2682.0,5114.0
370,370,25333.0,3308.0,6463.0
371,371,30722.0,4026.0,8281.0
372,372,30180.0,3156.0,6739.0
373,373,22951.0,2546.0,5184.0
374,374,20626.0,2438.0,5044.0
375,375,21170.0,2323.0,5086.0
376,376,22467.0,2605.0,4855.0
377,377,22101.0,2676.0,5086.0
378,378,30252.0,3926.0,7579.0
379,379,31167.0,3283.0,7454.0
380,380,24331.0,2335.0,5009.0
381,381,18774.0,2295.0,4031.0
382,382,19494.0,2484.0,4900.0
383,383,17551.0,2579.0,5065.0
384,384,18998.0,2860.0,5746.0
385,385,25763.0,3581.0,7278.0
386,386,25964.0,3137.0,7237.0
387,387,21666.0,2430.0,6122.0
388,388,17853.0,2564.0,4773.0
389,389,16958.0,2460.0,4697.0
390,390,17631.0,2440.0,5140.0
391,391,19849.0,2599.0,5422.0
392,392,24666.0,3723.0,7380.0
393,393,25699.0,3314.0,7268.0
394,394,19498.0,2440.0,5332.0
395,395,17124.0,2471.0,4764.0
396,396,17347.0,2525.0,4930.0
397,397,21248.0,3025.0,5959.0
398,398,23537.0,3121.0,5885.0
399,399,29739.0,3809.0,7771.0
400,400,29217.0,3462.0,7646.0
401,401,24562.0,2635.0,5506.0
402,402,23686.0,2604.0,5242.0
403,403,20866.0,2586.0,5156.0
404,404,21797.0,2593.0,5369.0
405,405,24112.0,2602.0,5608.0
406,406,28103.0,3590.0,7866.0
407,407,29549.0,3292.0,7771.0
408,408,24391.0,2481.0,5629.0
409,409,21406.0,2351.0,5343.0
410,410,20598.0,2247.0,4996.0
411,411,22828.0,2643.0,5281.0
412,412,22504.0,2804.0,5643.0
413,413,26869.0,3552.0,7483.0
414,414,26962.0,3103.0,7629.0
415,415,20626.0,2777.0,5784.0
416,416,18225.0,2430.0,4878.0
417,417,18902.0,2349.0,4976.0
418,418,18815.0,2253.0,4947.0
419,419,20793.0,2817.0,5445.0
420,420,26487.0,3559.0,7043.0
421,421,27345.0,3133.0,7365.0
422,422,19662.0,2321.0,5199.0
423,423,17673.0,2467.0,4509.0
424,424,17683.0,2376.0,4724.0
425,425,16997.0,2366.0,4516.0
426,426,21607.0,3145.0,5980.0
427,427,26537.0,4013.0,7913.0
428,428,29224.0,3102.0,7457.0
429,429,23227.0,2818.0,5314.0
430,430,24983.0,2767.0,5283.0
431,431,21111.0,2282.0,4925.0
432,432,23815.0,2530.0,5023.0
433,433,28602.0,3085.0,5858.0
434,434,34587.0,3757.0,7294.0
435,435,27883.0,2290.0,6037.0
436,436,23870.0,2672.0,5451.0
437,437,21164.0,2586.0,5050.0
438,438,21572.0,2859.0,5144.0
439,439,21116.0,2597.0,4855.0
440,440,22686.0,3234.0,6018.0
441,441,27546.0,3623.0,7377.0
442,442,28433.0,3224.0,7050.0
443,443,19680.0,2848.0,5144.0
444,444,18939.0,2303.0,4825.0
445,445,17589.0,2392.0,4718.0
446,446,17751.0,2590.0,4483.0
447,447,20271.0,2613.0,5259.0
448,448,26514.0,3245.0,6949.0
449,449,26894.0,3014.0,6856.0
450,450,19078.0,2670.0,4922.0
451,451,17829.0,2459.0,4560.0
452,452,17621.0,2498.0,4329.0
453,453,17733.0,2282.0,4515.0
454,454,20502.0,2825.0,5650.0
455,455,25131.0,3534.0,6982.0
456,456,25978.0,3407.0,6739.0
457,457,19645.0,2393.0,5318.0
458,458,21643.0,2846.0,5801.0
459,459,21481.0,2736.0,5022.0
460,460,24223.0,3228.0,5508.0
461,461,24116.0,3180.0,5636.0
462,462,29358.0,3268.0,6575.0
463,463,31323.0,3375.0,6831.0
464,464,26266.0,2204.0,5007.0
465,465,23671.0,2074.0,4688.0
466,466,23528.0,2090.0,4586.0
467,467,21741.0,2203.0,4220.0
468,468,25591.0,2279.0,4944.0
469,469,31472.0,2714.0,6686.0
470,470,26101.0,2306.0,5362.0
471,471,24377.0,2063.0,5143.0
472,472,24516.0,2244.0,4998.0
473,473,21413.0,2289.0,4975.0
474,474,20836.0,1986.0,4501.0
475,475,24572.0,2338.0,5401.0
476,476,28523.0,2855.0,6551.0
477,477,29991.0,2644.0,6879.0
478,478,21320.0,2175.0,5310.0
479,479,20500.0,1951.0,5051.0
480,480,19877.0,1947.0,4799.0
481,481,21049.0,2164.0,4750.0
482,482,24619.0,2424.0,5754.0
483,483,27755.0,2790.0,6694.0
484,484,25055.0,2798.0,6000.0
485,485,24793.0,2652.0,5962.0
486,486,20884.0,2620.0,5116.0
487,487,19506.0,2547.0,5097.0
488,488,20298.0,2896.0,5615.0
489,489,26898.0,3774.0,8857.0
490,490,32202.0,3743.0,8998.0
491,491,33122.0,3287.0,7501.0
492,492,24514.0,2967.0,5813.0
493,493,26183.0,2556.0,5267.0
494,494,25754.0,2879.0,4954.0
495,495,24494.0,2773.0,5268.0
496,496,27811.0,3280.0,5810.0
497,497,32770.0,3513.0,7026.0
498,498,32818.0,3315.0,8811.0
499,499,29649.0,2787.0,7200.0
500,500,26197.0,2431.0,6446.0
501,501,23692.0,2736.0,6502.0
502,502,24772.0,2500.0,6510.0
503,503,30641.0,3201.0,7956.0
504,504,31590.0,3826.0,9022.0
505,505,28421.0,2927.0,7691.0
506,506,24353.0,2784.0,6963.0
507,507,22653.0,2513.0,6801.0
508,508,22145.0,2603.0,6720.0
509,509,21436.0,2854.0,6474.0
510,510,25388.0,3602.0,7487.0
511,511,28070.0,3248.0,8692.0
512,512,28785.0,3207.0,8517.0
513,513,22147.0,2609.0,7091.0
514,514,20473.0,2737.0,6161.0
515,515,20323.0,2527.0,6035.0
516,516,21063.0,2468.0,6054.0
517,517,24863.0,3434.0,8080.0
518,518,27386.0,3985.0,9223.0
519,519,29233.0,2636.0,8830.0
520,520,26523.0,2314.0,7026.0
521,521,29682.0,2414.0,7446.0
522,522,24727.0,1930.0,5999.0
523,523,25331.0,2081.0,6996.0
524,524,29846.0,2638.0,7507.0
525,525,30605.0,2677.0,8149.0
526,526,31165.0,3367.0,8140.0
527,527,26688.0,2647.0,6435.0
528,528,23631.0,2630.0,6326.0
529,529,24229.0,2711.0,6132.0
530,530,24277.0,2567.0,6233.0
531,531,25931.0,3300.0,7351.0
532,532,29842.0,3692.0,8814.0
533,533,31949.0,3216.0,8524.0
534,534,23498.0,2868.0,6654.0
535,535,21854.0,2596.0,5968.0
536,536,20397.0,2661.0,5858.0
537,537,21435.0,3137.0,6292.0
538,538,24826.0,3405.0,7171.0
539,539,27794.0,3593.0,8157.0
540,540,28210.0,3390.0,8352.0
541,541,21925.0,2735.0,6204.0
542,542,21127.0,2301.0,6051.0
543,543,20424.0,2126.0,5804.0
544,544,20162.0,2277.0,6099.0
545,545,22830.0,2457.0,6553.0
546,546,24118.0,2783.0,7687.0
547,547,25927.0,2444.0,7776.0
548,548,20822.0,2094.0,6017.0
549,549,20591.0,2353.0,6587.0
550,550,23954.0,2563.0,7453.0
551,551,25294.0,2604.0,7362.0
552,552,28727.0,2833.0,7951.0
553,553,29657.0,2810.0,8809.0
554,554,31801.0,2629.0,8579.0
555,555,27608.0,2268.0,7148.0
556,556,23779.0,2166.0,6449.0
557,557,24043.0,2023.0,6235.0
558,558,26042.0,2007.0,6959.0
559,559,25861.0,2445.0,8159.0
560,560,32103.0,2716.0,9262.0
561,561,33640.0,2647.0,9511.0
562,562,26301.0,2055.0,7674.0
563,563,25053.0,2075.0,7184.0
564,564,26310.0,2254.0,6933.0
565,565,24791.0,2452.0,7162.0
566,566,25186.0,2490.0,7781.0
567,567,29402.0,2885.0,9234.0
568,568,30722.0,2912.0,9730.0
569,569,23145.0,2071.0,7194.0
570,570,21221.0,1954.0,7031.0
571,571,19995.0,2203.0,6724.0
572,572,19900.0,2012.0,6640.0
573,573,22808.0,2439.0,7797.0
574,574,27425.0,2812.0,9727.0
575,575,29159.0,2754.0,9108.0
576,576,21742.0,2355.0,6913.0
577,577,20118.0,2112.0,6242.0
578,578,18979.0,2061.0,6061.0
579,579,19819.0,1952.0,6532.0
580,580,24435.0,2992.0,9665.0
581,581,30247.0,3375.0,11008.0
582,582,30330.0,2609.0,9880.0
583,583,32349.0,2469.0,9707.0
584,584,22229.0,2308.0,7342.0
585,585,22931.0,2102.0,6821.0
586,586,23038.0,2224.0,7313.0
587,587,24337.0,2327.0,8111.0
588,588,29363.0,3017.0,10838.0
589,589,32936.0,2831.0,10882.0
590,590,23144.0,2041.0,7787.0
591,591,23088.0,2151.0,7131.0
592,592,22506.0,1896.0,6616.0
593,593,20926.0,2028.0,7188.0
594,594,24991.0,2510.0,8858.0
595,595,32157.0,3065.0,10737.0
596,596,30901.0,3190.0,10195.0
597,597,22105.0,2195.0,7560.0
598,598,19639.0,2507.0,7130.0
599,599,18408.0,2195.0,6462.0
600,600,19301.0,2096.0,7160.0
601,601,22378.0,2483.0,8773.0
602,602,27922.0,3211.0,10756.0
603,603,27876.0,2775.0,10711.0
604,604,19740.0,2280.0,7156.0
605,605,18975.0,1942.0,7062.0
606,606,18298.0,2052.0,6582.0
607,607,18276.0,2193.0,6762.0
608,608,21928.0,2555.0,8173.0
609,609,27507.0,2985.0,10489.0
610,610,27352.0,2742.0,9642.0
611,611,23833.0,2522.0,8486.0
612,612,24338.0,2362.0,7130.0
613,613,24361.0,2476.0,7383.0
614,614,20913.0,2434.0,6728.0
615,615,24515.0,2432.0,7641.0
616,616,31141.0,2950.0,9949.0
617,617,29673.0,2757.0,9442.0
618,618,24230.0,2189.0,7371.0
619,619,23636.0,2246.0,6413.0
620,620,21331.0,2020.0,6618.0
621,621,21622.0,2220.0,6156.0
622,622,24707.0,2568.0,7777.0
623,623,28872.0,3042.0,10312.0
624,624,29499.0,2743.0,9995.0
625,625,24260.0,2187.0,7237.0
626,626,19213.0,1973.0,6683.0
627,627,18531.0,2112.0,6460.0
628,628,17729.0,2249.0,6191.0
629,629,20116.0,2380.0,7215.0
630,630,24247.0,2815.0,9627.0
631,631,24911.0,2763.0,9313.0
632,632,18082.0,2117.0,6513.0
633,633,17205.0,2050.0,6164.0
634,634,16486.0,2128.0,5776.0
635,635,16225.0,2094.0,5993.0
636,636,21648.0,2777.0,7438.0
637,637,26069.0,3015.0,9463.0
638,638,25456.0,2812.0,8916.0
639,639,18854.0,2342.0,6385.0
640,640,19666.0,2373.0,6041.0
641,641,17521.0,2001.0,5453.0
642,642,20551.0,2518.0,7982.0
643,643,24094.0,2954.0,8466.0
644,644,31396.0,3307.0,10376.0
645,645,29166.0,2915.0,10464.0
646,646,23990.0,2145.0,6922.0
647,647,22357.0,2029.0,6128.0
648,648,21404.0,2072.0,6207.0
649,649,22229.0,2191.0,6337.0
650,650,25947.0,2413.0,7362.0
651,651,30152.0,3237.0,9495.0
652,652,31469.0,3004.0,9044.0
653,653,24447.0,2202.0,6564.0
654,654,20713.0,2120.0,5475.0
655,655,20250.0,1876.0,5709.0
656,656,21876.0,1967.0,5870.0
657,657,22120.0,2396.0,7100.0
658,658,27847.0,3157.0,9437.0
659,659,26083.0,2609.0,8884.0
660,660,20534.0,2253.0,6543.0
661,661,21783.0,2205.0,6286.0
662,662,25814.0,2195.0,7199.0
663,663,16806.0,1064.0,4039.0
664,664,15448.0,1958.0,6017.0
665,665,20047.0,2335.0,7634.0
666,666,22240.0,2579.0,7913.0
667,667,17631.0,2253.0,6592.0
668,668,16702.0,1927.0,5860.0
669,669,16091.0,1964.0,5490.0
670,670,16222.0,2036.0,5610.0
671,671,19942.0,2471.0,7976.0
672,672,28613.0,3432.0,10451.0
673,673,28916.0,2780.0,9244.0
674,674,24834.0,2661.0,7842.0
675,675,20223.0,2292.0,6304.0
676,676,23165.0,2237.0,5782.0
677,677,22771.0,2134.0,6219.0
678,678,23991.0,2386.0,7217.0
679,679,29897.0,2927.0,8749.0
680,680,31226.0,2877.0,8423.0
681,681,22891.0,2345.0,5853.0
682,682,22120.0,2223.0,5955.0
683,683,22416.0,2300.0,5300.0
684,684,20762.0,2194.0,5715.0
685,685,23976.0,2368.0,6558.0
686,686,30620.0,3105.0,8665.0
687,687,28690.0,2891.0,8472.0
688,688,22260.0,2364.0,6401.0
689,689,22052.0,2257.0,5945.0
690,690,23370.0,2508.0,5904.0
691,691,22648.0,2159.0,6065.0
692,692,23188.0,2795.0,6865.0
693,693,28583.0,2976.0,8456.0
694,694,28624.0,2586.0,7777.0
695,695,24903.0,1865.0,5855.0
696,696,11.0,0.0,0.0
697,697,19822.0,2172.0,7707.0
698,698,19236.0,2183.0,7667.0
699,699,21208.0,2377.0,8762.0
700,700,24343.0,2555.0,10256.0
701,701,24322.0,2352.0,9025.0
702,702,25935.0,2028.0,7073.0
703,703,16828.0,1558.0,5701.0
704,704,22648.0,2145.0,7391.0
705,705,26156.0,2352.0,7733.0
706,706,23357.0,2412.0,7973.0
707,707,30987.0,2784.0,9516.0
708,708,32464.0,2682.0,8848.0
709,709,24699.0,2000.0,6818.0
710,710,23130.0,2041.0,6049.0
711,711,22884.0,1865.0,4783.0
712,712,22345.0,2141.0,5307.0
713,713,25522.0,2416.0,6538.0
714,714,33861.0,2956.0,9061.0
715,715,30024.0,2630.0,7553.0
716,716,23223.0,1968.0,5423.0
717,717,23516.0,1979.0,5406.0
718,718,20568.0,2041.0,6193.0
719,719,20109.0,2248.0,6013.0
720,720,22682.0,2400.0,7730.0
721,721,29292.0,3147.0,9828.0
722,722,26056.0,2612.0,8373.0
723,723,21587.0,2603.0,6697.0
724,724,17919.0,2052.0,5585.0
725,725,16904.0,2954.0,5736.0
726,726,16685.0,2852.0,5430.0
727,727,19707.0,3372.0,6773.0
728,728,26805.0,4286.0,9602.0
729,729,25966.0,3840.0,8621.0
730,730,18993.0,2806.0,5997.0
731,731,17484.0,2919.0,5146.0
732,732,16038.0,2574.0,4911.0
733,733,17846.0,2961.0,5944.0
734,734,25582.0,4200.0,9294.0
735,735,34887.0,5210.0,10935.0
736,736,30430.0,2868.0,8260.0
737,737,20219.0,2551.0,6222.0
738,738,22707.0,2347.0,6579.0
739,739,22953.0,2650.0,6334.0
740,740,20991.0,2199.0,6509.0
741,741,24889.0,2702.0,7955.0
742,742,31984.0,3364.0,10504.0
743,743,29611.0,3886.0,10413.0
744,744,25937.0,3241.0,7439.0
745,745,25415.0,3132.0,7594.0
746,746,27334.0,3334.0,7883.0
747,747,21202.0,2646.0,6361.0
748,748,25413.0,3507.0,9340.0
749,749,28916.0,4454.0,11787.0
750,750,29237.0,3826.0,11590.0
751,751,22970.0,3020.0,8648.0
752,752,18853.0,2695.0,6700.0
753,753,20025.0,2967.0,7209.0
754,754,20867.0,2895.0,7646.0
755,755,21138.0,3329.0,8096.0
756,756,27466.0,4759.0,10806.0
757,757,29355.0,3916.0,10871.0
758,758,21493.0,2985.0,7542.0
759,759,18291.0,2617.0,6420.0
760,760,18071.0,2846.0,6967.0
761,761,19375.0,3278.0,7721.0
762,762,24951.0,4230.0,10270.0
763,763,32356.0,5171.0,12245.0
764,764,33910.0,3380.0,10957.0
765,765,24929.0,2622.0,8266.0
766,766,22419.0,2233.0,6584.0
767,767,23062.0,2271.0,6695.0
768,768,21086.0,2160.0,6524.0
769,769,23972.0,2516.0,7804.0
770,770,30868.0,3347.0,10674.0
771,771,29767.0,3851.0,10490.0
772,772,25051.0,3230.0,8157.0
773,773,23643.0,2832.0,7317.0
774,774,21754.0,2912.0,7142.0
775,775,22943.0,3075.0,7149.0
776,776,25947.0,3506.0,8048.0
777,777,28892.0,4029.0,10731.0
778,778,28515.0,3700.0,10355.0
779,779,21001.0,2928.0,7436.0
780,780,19166.0,2982.0,6864.0
781,781,19435.0,3013.0,7008.0
782,782,19562.0,2914.0,7166.0
783,783,21670.0,3627.0,7871.0
784,784,26036.0,4387.0,10197.0
785,785,27124.0,3294.0,10215.0
786,786,20071.0,2389.0,7207.0
787,787,19691.0,2117.0,6824.0
788,788,19087.0,2621.0,6550.0
789,789,20338.0,2341.0,6975.0
790,790,26055.0,2846.0,9166.0
791,791,32020.0,3315.0,11075.0
792,792,24003.0,2695.0,7750.0
793,793,21706.0,3496.0,9320.0
794,794,22632.0,3612.0,8398.0
795,795,23573.0,3541.0,8480.0
796,796,21193.0,2893.0,8088.0
797,797,25379.0,3771.0,8906.0
798,798,31473.0,4289.0,11059.0
799,799,30830.0,4268.0,11346.0
800,800,23785.0,3075.0,8157.0
801,801,23043.0,3109.0,7598.0
802,802,21393.0,3172.0,6876.0
803,803,22549.0,3243.0,6900.0
804,804,24774.0,3322.0,7986.0
805,805,28709.0,4569.0,10367.0
806,806,29264.0,4249.0,10477.0
807,807,23237.0,3377.0,7488.0
808,808,20672.0,3075.0,7292.0
809,809,19375.0,2775.0,6665.0
810,810,18442.0,3141.0,6891.0
811,811,21730.0,3319.0,7780.0
812,812,26066.0,4384.0,10407.0
813,813,25582.0,3967.0,10382.0
814,814,19172.0,3319.0,7460.0
815,815,17401.0,2876.0,6782.0
816,816,17545.0,3327.0,6735.0
817,817,17554.0,3095.0,6827.0
818,818,19704.0,3522.0,7980.0
819,819,22315.0,3849.0,9165.0
820,820,25399.0,3295.0,10208.0
821,821,18096.0,2097.0,7252.0
822,822,18544.0,2471.0,7129.0
823,823,20574.0,2541.0,8243.0
824,824,21954.0,2313.0,7474.0
825,825,25476.0,2767.0,8707.0
826,826,27819.0,3072.0,9921.0
827,827,29669.0,3751.0,9783.0
828,828,24738.0,3109.0,7521.0
829,829,21957.0,2775.0,6941.0
830,830,21410.0,3038.0,6898.0
831,831,22813.0,3350.0,6775.0
832,832,22375.0,3581.0,7541.0
833,833,30396.0,4903.0,10086.0
834,834,25844.0,3125.0,8421.0
835,835,23482.0,3249.0,7878.0
836,836,22246.0,3273.0,7366.0
837,837,23815.0,3505.0,7291.0
838,838,21219.0,3225.0,7493.0
839,839,22988.0,3395.0,8299.0
840,840,26413.0,4278.0,10139.0
841,841,28247.0,4086.0,10340.0
842,842,22301.0,3219.0,8126.0
843,843,19944.0,3089.0,7253.0
844,844,18765.0,3182.0,6988.0
845,845,20410.0,3304.0,7188.0
846,846,22671.0,3961.0,8449.0
847,847,25491.0,4191.0,9461.0
848,848,23971.0,3579.0,8499.0
849,849,23786.0,3503.0,8988.0
850,850,18871.0,3316.0,7111.0
851,851,17287.0,3140.0,6540.0
852,852,18359.0,2920.0,6846.0
853,853,23075.0,3648.0,9363.0
854,854,28849.0,4518.0,11441.0
855,855,31298.0,4693.0,11511.0
856,856,26292.0,3934.0,9019.0
857,857,22851.0,3188.0,7770.0
858,858,24576.0,3701.0,7634.0
859,859,23404.0,3377.0,7385.0
860,860,25723.0,3645.0,8234.0
861,861,30454.0,4272.0,9921.0
862,862,33633.0,4159.0,10372.0
863,863,25646.0,3338.0,7785.0
864,864,24396.0,3170.0,7059.0
865,865,23761.0,3262.0,6919.0
866,866,23801.0,3499.0,6888.0
867,867,27608.0,3644.0,8515.0
868,868,32134.0,4131.0,10044.0
869,869,27319.0,3783.0,8588.0
870,870,23283.0,3247.0,7588.0
871,871,20606.0,3322.0,7249.0
872,872,20674.0,3312.0,7084.0
873,873,21402.0,3367.0,7002.0
874,874,24488.0,3895.0,8320.0
875,875,27911.0,4409.0,9956.0
876,876,29458.0,3689.0,10128.0
877,877,22707.0,3478.0,7933.0
878,878,21243.0,3256.0,7104.0
879,879,20832.0,3144.0,6380.0
880,880,21410.0,3113.0,6934.0
881,881,25490.0,3365.0,7898.0
882,882,31071.0,4001.0,9877.0
883,883,30544.0,4326.0,9953.0
884,884,26314.0,3728.0,8674.0
885,885,26303.0,3188.0,7751.0
886,886,31602.0,3946.0,8451.0
887,887,27106.0,2883.0,6794.0
888,888,28648.0,3578.0,8581.0
889,889,28951.0,3777.0,9104.0
890,890,31319.0,3548.0,9757.0
891,891,26562.0,3044.0,7854.0
892,892,27131.0,2704.0,7418.0
893,893,24293.0,3000.0,7286.0
894,894,25863.0,3051.0,7447.0
895,895,28372.0,3532.0,9375.0
896,896,30521.0,3675.0,10989.0
897,897,32337.0,3634.0,10701.0
898,898,26504.0,3079.0,8041.0
899,899,22897.0,3257.0,7783.0
900,900,22318.0,3044.0,7105.0
901,901,23872.0,3013.0,7036.0
902,902,24589.0,3375.0,8230.0
903,903,27666.0,4373.0,9488.0
904,904,28334.0,3823.0,9882.0
905,905,22238.0,2834.0,7131.0
906,906,21349.0,3101.0,6854.0
907,907,20791.0,2835.0,7842.0
908,908,21528.0,3066.0,7222.0
909,909,24752.0,3465.0,8626.0
910,910,27739.0,3812.0,10121.0
911,911,27807.0,3508.0,9165.0
912,912,21587.0,3064.0,7112.0
913,913,20370.0,2992.0,6800.0
914,914,20925.0,3214.0,7116.0
915,915,25116.0,3540.0,8653.0
916,916,28261.0,4131.0,9271.0
917,917,32470.0,4312.0,10323.0
918,918,30305.0,3708.0,10426.0
919,919,27486.0,3546.0,8117.0
920,920,26383.0,3079.0,7232.0
921,921,25500.0,2610.0,6969.0
922,922,24957.0,2796.0,7133.0
923,923,28796.0,3280.0,8623.0
924,924,30667.0,3716.0,10529.0
925,925,33862.0,3458.0,10200.0
926,926,27951.0,3123.0,7679.0
927,927,25096.0,2873.0,7175.0
928,928,24005.0,2961.0,6766.0
929,929,26910.0,2904.0,7829.0
930,930,26324.0,3361.0,8340.0
931,931,30301.0,3931.0,10199.0
932,932,30396.0,3629.0,10869.0
933,933,24274.0,2867.0,8096.0
934,934,21256.0,2934.0,7435.0
935,935,22326.0,3130.0,7177.0
936,936,21472.0,2861.0,7460.0
937,937,25269.0,3566.0,8278.0
938,938,30500.0,3850.0,10486.0
939,939,33880.0,4035.0,10662.0
940,940,23550.0,2758.0,7892.0
941,941,22994.0,2823.0,7146.0
942,942,22293.0,3110.0,7053.0
943,943,22012.0,2809.0,6889.0
944,944,28387.0,3753.0,9481.0
945,945,32728.0,4115.0,11129.0
946,946,32305.0,2676.0,9760.0
947,947,34391.0,2580.0,10101.0
948,948,27725.0,2105.0,7969.0
949,949,24197.0,1955.0,7176.0
950,950,26048.0,2087.0,7290.0
951,951,28227.0,2339.0,8118.0
952,952,34533.0,2625.0,10442.0
953,953,37186.0,4095.0,10459.0
954,954,29345.0,2817.0,7603.0
955,955,24918.0,2675.0,7070.0
956,956,26313.0,2859.0,7023.0
957,957,26569.0,3028.0,7170.0
958,958,28463.0,3949.0,8559.0
959,959,34404.0,4049.0,10713.0
960,960,35849.0,4047.0,11074.0
961,961,25785.0,2946.0,8044.0
962,962,22579.0,2937.0,7055.0
963,963,21622.0,2764.0,6895.0
964,964,20877.0,2713.0,7233.0
965,965,23911.0,3495.0,8875.0
966,966,30161.0,4349.0,11491.0
967,967,31063.0,3972.0,11175.0
968,968,22380.0,3243.0,7161.0
969,969,21241.0,3077.0,6746.0
970,970,20242.0,2947.0,6770.0
971,971,20733.0,2926.0,6989.0
972,972,23512.0,3538.0,8452.0
973,973,29453.0,4511.0,10477.0
974,974,29944.0,4012.0,10440.0
975,975,21646.0,3334.0,7913.0
976,976,23793.0,3685.0,9252.0
977,977,22848.0,3446.0,7606.0
978,978,25012.0,3750.0,8453.0
979,979,24442.0,3907.0,8985.0
980,980,33455.0,4104.0,11218.0
981,981,34435.0,4096.0,11357.0
982,982,25777.0,3262.0,7964.0
983,983,24139.0,3310.0,7095.0
984,984,24914.0,3023.0,6809.0
985,985,23807.0,3358.0,6854.0
986,986,26630.0,3492.0,7971.0
987,987,31913.0,4455.0,10213.0
988,988,31863.0,4164.0,10316.0
989,989,25771.0,3472.0,7593.0
990,990,23735.0,2892.0,6586.0
991,991,22082.0,3262.0,7333.0
992,992,21028.0,3152.0,6358.0
993,993,22782.0,3756.0,7799.0
994,994,27938.0,4242.0,9863.0
995,995,29137.0,4211.0,10004.0
996,996,21483.0,3059.0,7317.0
997,997,19129.0,3236.0,6592.0
998,998,19365.0,3572.0,6588.0
999,999,19276.0,3235.0,6749.0
1000,1000,22628.0,3476.0,7773.0
1001,1001,27956.0,4571.0,9927.0
1002,1002,26978.0,4066.0,9621.0
1003,1003,21653.0,3273.0,7132.0
1004,1004,19904.0,3198.0,6427.0
1005,1005,21171.0,3394.0,6571.0
1006,1006,18964.0,2588.0,5482.0
1007,1007,25460.0,4337.0,9930.0
1008,1008,31225.0,4350.0,11518.0
1009,1009,33754.0,4429.0,10190.0
1010,1010,22912.0,3014.0,7046.0
1011,1011,24026.0,3178.0,6883.0
1012,1012,23798.0,2982.0,6250.0
1013,1013,22136.0,3250.0,6567.0
1014,1014,24859.0,3208.0,7393.0
1015,1015,31660.0,4227.0,9830.0
1016,1016,29899.0,4065.0,9941.0
1017,1017,26128.0,3202.0,7066.0
1018,1018,23272.0,3063.0,5940.0
1019,1019,20371.0,3034.0,5850.0
1020,1020,20322.0,3325.0,5821.0
1021,1021,24493.0,3898.0,7384.0
1022,1022,29763.0,4446.0,10378.0
1023,1023,28723.0,3969.0,9897.0
1024,1024,21947.0,3286.0,6877.0
1025,1025,19297.0,3277.0,5948.0
1026,1026,18414.0,3296.0,6205.0
1027,1027,19361.0,3052.0,6286.0
1028,1028,21528.0,3742.0,7593.0
1029,1029,26150.0,4127.0,9770.0
1030,1030,24928.0,4243.0,9275.0
1031,1031,19210.0,3205.0,6230.0
1032,1032,21251.0,3347.0,6695.0
1033,1033,25127.0,3593.0,7419.0
1034,1034,14419.0,1424.0,3996.0
1035,1035,15937.0,2704.0,7432.0
1036,1036,19287.0,3604.0,8655.0
1037,1037,25392.0,3921.0,8874.0
1038,1038,26047.0,3645.0,7395.0
1039,1039,26438.0,3934.0,7652.0
1040,1040,21925.0,3426.0,6168.0
1041,1041,24432.0,3590.0,7129.0
1042,1042,25910.0,3667.0,7322.0
1043,1043,31504.0,4133.0,8813.0
1044,1044,28556.0,3666.0,8202.0
1045,1045,24558.0,3092.0,6003.0
1046,1046,22078.0,3288.0,6056.0
1047,1047,22275.0,2877.0,5759.0
1048,1048,22776.0,3284.0,5609.0
1049,1049,25283.0,3881.0,6999.0
1050,1050,28481.0,4114.0,8933.0
1051,1051,30129.0,3673.0,9295.0
1052,1052,22834.0,3277.0,6363.0
1053,1053,21308.0,3130.0,5900.0
1054,1054,21815.0,3829.0,6048.0
1055,1055,22707.0,3403.0,6301.0
1056,1056,21926.0,3609.0,6588.0
1057,1057,27088.0,4507.0,8879.0
1058,1058,23377.0,3709.0,7829.0
1059,1059,24675.0,3552.0,7062.0
1060,1060,22944.0,2722.0,5411.0
1061,1061,20.0,0.0,0.0
1062,1062,21267.0,3646.0,7814.0
1063,1063,21485.0,3833.0,7777.0
1064,1064,23964.0,3645.0,8881.0
1065,1065,23246.0,3251.0,7624.0
1066,1066,22107.0,3327.0,6859.0
1067,1067,25746.0,2804.0,6261.0
1068,1068,16959.0,2038.0,4848.0
1069,1069,22152.0,3633.0,6868.0
1070,1070,26981.0,3985.0,7904.0
1071,1071,30889.0,4329.0,9398.0
1072,1072,33305.0,3707.0,8290.0
1073,1073,23856.0,2922.0,5634.0
1074,1074,22468.0,2845.0,5639.0
1075,1075,23783.0,3073.0,6117.0
1076,1076,24079.0,3165.0,5953.0
1077,1077,22462.0,3147.0,7157.0
1078,1078,33828.0,4205.0,9765.0
1079,1079,34073.0,3815.0,8970.0
1080,1080,23707.0,3501.0,6506.0
1081,1081,21919.0,2775.0,5529.0
1082,1082,22549.0,3002.0,6028.0
1083,1083,22212.0,2863.0,6115.0
1084,1084,24220.0,3787.0,7233.0
1085,1085,29444.0,4285.0,9504.0
1086,1086,27821.0,3635.0,8971.0
1087,1087,22041.0,3268.0,7397.0
1088,1088,19150.0,2687.0,6017.0
1089,1089,18956.0,3310.0,5931.0
1090,1090,17900.0,2741.0,5603.0
1091,1091,21392.0,3008.0,6488.0
1092,1092,27315.0,3972.0,9242.0
1093,1093,27873.0,3798.0,8526.0
1094,1094,20830.0,3147.0,6083.0
1095,1095,16722.0,2253.0,5025.0
1096,1096,17223.0,2474.0,5286.0
1097,1097,18047.0,3062.0,5908.0
1098,1098,23319.0,4375.0,8795.0
1099,1099,30569.0,4261.0,10503.0
1100,1100,31405.0,3506.0,8986.0
1101,1101,26133.0,3558.0,7603.0
1102,1102,20953.0,3254.0,6370.0
1103,1103,22514.0,3011.0,6151.0
1104,1104,23162.0,3112.0,6115.0
1105,1105,23379.0,3483.0,7393.0
1106,1106,31534.0,4365.0,11209.0
1107,1107,33181.0,3555.0,11304.0
1108,1108,22641.0,2893.0,7613.0
1109,1109,23211.0,3092.0,7230.0
1110,1110,25428.0,3182.0,8128.0
1111,1111,26663.0,2989.0,7831.0
1112,1112,23402.0,3148.0,7360.0
1113,1113,29255.0,4291.0,11419.0
1114,1114,29007.0,3536.0,11289.0
1115,1115,22424.0,3015.0,9118.0
1116,1116,20341.0,2768.0,7601.0
1117,1117,20114.0,2681.0,7616.0
1118,1118,19239.0,2914.0,7550.0
1119,1119,21484.0,3261.0,8581.0
1120,1120,26444.0,3910.0,11134.0
1121,1121,29427.0,3589.0,11411.0
1122,1122,21331.0,2913.0,7553.0
1123,1123,19748.0,2959.0,7018.0
1124,1124,17286.0,2696.0,6369.0
1125,1125,18947.0,2728.0,7215.0
1126,1126,22126.0,3314.0,8758.0
1127,1127,29437.0,4261.0,11798.0
1128,1128,31375.0,4007.0,11395.0
1129,1129,25177.0,3418.0,8606.0
1130,1130,20444.0,2675.0,6947.0
1131,1131,21778.0,2756.0,6744.0
1132,1132,22628.0,3166.0,6868.0
1133,1133,23732.0,3246.0,7886.0
1134,1134,28904.0,3967.0,10614.0
1135,1135,35651.0,3678.0,10761.0
1136,1136,26372.0,3011.0,8123.0
1137,1137,24913.0,2581.0,7073.0
1138,1138,24854.0,3050.0,7038.0
1139,1139,23146.0,2842.0,7096.0
1140,1140,25471.0,3486.0,7989.0
1141,1141,30233.0,3880.0,10595.0
1142,1142,30777.0,3766.0,10833.0
1143,1143,21828.0,2952.0,7304.0
1144,1144,20277.0,2772.0,7046.0
1145,1145,19778.0,2745.0,6861.0
1146,1146,19783.0,2565.0,6461.0
1147,1147,22445.0,3093.0,7664.0
1148,1148,27474.0,3970.0,9997.0
1149,1149,30010.0,3828.0,10333.0
1150,1150,21814.0,2817.0,7212.0
1151,1151,19589.0,2445.0,6432.0
1152,1152,18365.0,2735.0,5914.0
1153,1153,20291.0,3102.0,6817.0
1154,1154,22065.0,3212.0,7641.0
1155,1155,27277.0,3926.0,9990.0
1156,1156,29286.0,3683.0,10187.0
1157,1157,20559.0,2930.0,7183.0
1158,1158,22367.0,3100.0,8241.0
1159,1159,23418.0,2854.0,7427.0
1160,1160,25406.0,3178.0,8020.0
1161,1161,24541.0,3218.0,7926.0
1162,1162,32344.0,3963.0,10469.0
1163,1163,35030.0,3548.0,10212.0
1164,1164,26183.0,2992.0,7419.0
1165,1165,25383.0,2731.0,7134.0
1166,1166,25785.0,2881.0,6543.0
1167,1167,23049.0,2765.0,7224.0
1168,1168,26533.0,3447.0,8459.0
1169,1169,32082.0,3821.0,10252.0
1170,1170,32339.0,3497.0,10247.0
1171,1171,25187.0,2723.0,7841.0
1172,1172,26054.0,2844.0,7498.0
1173,1173,23936.0,2873.0,7419.0
1174,1174,23347.0,2953.0,6893.0
1175,1175,27116.0,3385.0,8404.0
1176,1176,33915.0,4210.0,9694.0
1177,1177,28310.0,2990.0,7634.0
1178,1178,21512.0,2961.0,7153.0
1179,1179,20729.0,2991.0,6958.0
1180,1180,20706.0,3165.0,6566.0
1181,1181,20830.0,3106.0,6856.0
1182,1182,23074.0,3151.0,7202.0
1183,1183,28761.0,4018.0,9598.0
1184,1184,29977.0,3399.0,10064.0
1185,1185,21699.0,2735.0,7074.0
1186,1186,20737.0,2634.0,6494.0
1187,1187,19469.0,2677.0,6737.0
1188,1188,22866.0,2944.0,8049.0
1189,1189,26782.0,3498.0,8671.0
1190,1190,31830.0,4079.0,10633.0
1191,1191,31271.0,3727.0,10141.0
1192,1192,25077.0,2938.0,7805.0
1193,1193,23661.0,2838.0,7112.0
1194,1194,22628.0,2921.0,6597.0
1195,1195,22511.0,2957.0,6351.0
1196,1196,25546.0,3343.0,7474.0
1197,1197,30074.0,3910.0,8859.0
1198,1198,27298.0,3361.0,7521.0
1199,1199,27812.0,2787.0,7323.0
1200,1200,24218.0,2995.0,6631.0
1201,1201,23780.0,2752.0,6285.0
1202,1202,24173.0,2838.0,6511.0
1203,1203,23449.0,3315.0,7825.0
1204,1204,26750.0,3802.0,9467.0
1205,1205,29904.0,3784.0,9332.0
1206,1206,22296.0,3004.0,7014.0
1207,1207,20432.0,3015.0,6479.0
1208,1208,20041.0,2867.0,6175.0
1209,1209,21061.0,2987.0,6338.0
1210,1210,22806.0,3349.0,7270.0
1211,1211,26077.0,3584.0,8725.0
1212,1212,24953.0,3292.0,7720.0
1213,1213,23030.0,2845.0,7584.0
1214,1214,19258.0,2998.0,6656.0
1215,1215,18649.0,2909.0,6551.0
1216,1216,18571.0,2714.0,6404.0
1217,1217,21978.0,3633.0,8129.0
1218,1218,27013.0,3832.0,9847.0
1219,1219,30257.0,4128.0,10217.0
1220,1220,25930.0,3199.0,8183.0
1221,1221,26780.0,3524.0,8053.0
1222,1222,22674.0,3108.0,7117.0
1223,1223,25235.0,3071.0,7349.0
1224,1224,26546.0,3214.0,7697.0
1225,1225,30926.0,3759.0,9662.0
1226,1226,32366.0,3641.0,9272.0
1227,1227,28106.0,2798.0,7352.0
1228,1228,23602.0,2984.0,7072.0
1229,1229,25260.0,2896.0,6488.0
1230,1230,25386.0,3157.0,6534.0
1231,1231,27105.0,3540.0,7711.0
1232,1232,32069.0,3950.0,8965.0
1233,1233,31111.0,3276.0,8107.0
1234,1234,24640.0,3177.0,7386.0
1235,1235,23438.0,2990.0,7114.0
1236,1236,22674.0,2974.0,6621.0
1237,1237,23023.0,2899.0,7198.0
1238,1238,26120.0,3423.0,8453.0
1239,1239,28669.0,4083.0,9668.0
1240,1240,29067.0,3612.0,9781.0
1241,1241,22832.0,3180.0,7146.0
1242,1242,20933.0,2924.0,6784.0
1243,1243,19372.0,2806.0,6643.0
1244,1244,19671.0,2803.0,6882.0
1245,1245,22605.0,3572.0,7901.0
1246,1246,26545.0,3709.0,9676.0
1247,1247,27798.0,3513.0,8900.0
1248,1248,22767.0,3105.0,7577.0
1249,1249,25368.0,3478.0,8893.0
1250,1250,26627.0,3264.0,7978.0
1251,1251,33512.0,4041.0,9475.0
1252,1252,28079.0,2983.0,7531.0
1253,1253,28344.0,3466.0,8972.0
1254,1254,32381.0,3629.0,9480.0
1255,1255,26648.0,2918.0,8069.0
1256,1256,26138.0,2966.0,7344.0
1257,1257,27032.0,2856.0,7326.0
1258,1258,25171.0,2864.0,7144.0
1259,1259,28959.0,3197.0,8097.0
1260,1260,33824.0,3876.0,9996.0
1261,1261,30968.0,3488.0,9219.0
1262,1262,25885.0,2976.0,7420.0
1263,1263,25642.0,2869.0,7304.0
1264,1264,22519.0,3238.0,7254.0
1265,1265,22267.0,2851.0,7312.0
1266,1266,24546.0,3339.0,8564.0
1267,1267,28496.0,3807.0,10177.0
1268,1268,29167.0,3567.0,9955.0
1269,1269,22955.0,2789.0,7707.0
1270,1270,21800.0,2752.0,6960.0
1271,1271,21138.0,2742.0,7059.0
1272,1272,21227.0,2627.0,6671.0
1273,1273,23070.0,3136.0,7642.0
1274,1274,26184.0,3523.0,9301.0
1275,1275,28634.0,3577.0,10003.0
1276,1276,22052.0,2794.0,7786.0
1277,1277,20932.0,2740.0,7033.0
1278,1278,20748.0,2675.0,6911.0
1279,1279,21259.0,3038.0,7543.0
1280,1280,28538.0,4122.0,10469.0
1281,1281,32037.0,4074.0,10900.0
1282,1282,33206.0,3977.0,10389.0
1283,1283,24910.0,3040.0,7849.0
1284,1284,25876.0,2794.0,7568.0
1285,1285,24627.0,2894.0,7026.0
1286,1286,24418.0,2972.0,7187.0
1287,1287,27082.0,3056.0,8842.0
1288,1288,31427.0,3604.0,10227.0
1289,1289,29660.0,3576.0,10013.0
1290,1290,25554.0,2823.0,7745.0
1291,1291,25925.0,3134.0,7613.0
1292,1292,24240.0,2775.0,7404.0
1293,1293,24299.0,2958.0,7279.0
1294,1294,26603.0,3247.0,8408.0
1295,1295,30693.0,3575.0,10287.0
1296,1296,32011.0,3449.0,11213.0
1297,1297,24256.0,2948.0,8175.0
1298,1298,21524.0,2699.0,7736.0
1299,1299,21610.0,2656.0,7581.0
1300,1300,22176.0,2747.0,7476.0
1301,1301,25416.0,3071.0,8629.0
1302,1302,30123.0,3518.0,11032.0
1303,1303,32701.0,3634.0,11108.0
1304,1304,23583.0,2843.0,8241.0
1305,1305,21185.0,2738.0,7479.0
1306,1306,20049.0,2646.0,6811.0
1307,1307,20235.0,2749.0,6992.0
1308,1308,24645.0,3238.0,9810.0
1309,1309,28541.0,3735.0,10961.0
1310,1310,25911.0,3343.0,9956.0
1311,1311,29391.0,3343.0,10522.0
1312,1312,23928.0,2941.0,7430.0
1313,1313,26278.0,2998.0,8121.0
1314,1314,21739.0,2681.0,7063.0
1315,1315,24910.0,3428.0,7628.0
1316,1316,32202.0,3590.0,10225.0
1317,1317,32390.0,3432.0,10131.0
1318,1318,25246.0,2685.0,7649.0
1319,1319,24565.0,2795.0,6807.0
1320,1320,22171.0,2657.0,6964.0
1321,1321,24581.0,2733.0,7166.0
1322,1322,26997.0,3233.0,8129.0
1323,1323,32734.0,3849.0,10996.0
1324,1324,31956.0,3434.0,10357.0
1325,1325,26237.0,2615.0,7707.0
1326,1326,21649.0,2595.0,6793.0
1327,1327,20181.0,2775.0,6875.0
1328,1328,19690.0,2588.0,6583.0
1329,1329,23459.0,3071.0,8302.0
1330,1330,28253.0,3954.0,10825.0
1331,1331,30236.0,3675.0,10491.0
1332,1332,21874.0,2414.0,7222.0
1333,1333,20101.0,2554.0,6755.0
1334,1334,19860.0,2553.0,6588.0
1335,1335,19607.0,2887.0,7017.0
1336,1336,22516.0,2996.0,7615.0
1337,1337,27616.0,3607.0,9616.0
1338,1338,29051.0,3542.0,10331.0
1339,1339,21374.0,2691.0,7408.0
1340,1340,19694.0,2776.0,7520.0
1341,1341,22444.0,3376.0,8782.0
1342,1342,23469.0,2880.0,7900.0
1343,1343,28194.0,3648.0,9994.0
1344,1344,31579.0,4251.0,11369.0
1345,1345,33934.0,3569.0,10858.0
1346,1346,26480.0,3435.0,7804.0
1347,1347,23126.0,2689.0,7336.0
1348,1348,22984.0,3023.0,7178.0
1349,1349,23930.0,2730.0,7078.0
1350,1350,23519.0,3442.0,8040.0
1351,1351,30005.0,3947.0,10609.0
1352,1352,32667.0,3624.0,10444.0
1353,1353,23532.0,2893.0,7132.0
1354,1354,22727.0,2994.0,6730.0
1355,1355,23904.0,3296.0,6993.0
1356,1356,20191.0,3051.0,6694.0
1357,1357,21996.0,3577.0,7857.0
1358,1358,28603.0,4389.0,10763.0
1359,1359,29321.0,3805.0,10330.0
1360,1360,21668.0,3076.0,7489.0
1361,1361,19239.0,3310.0,6818.0
1362,1362,18397.0,3109.0,6420.0
1363,1363,18717.0,2942.0,6847.0
1364,1364,21476.0,3461.0,7853.0
1365,1365,26644.0,4312.0,9797.0
1366,1366,26729.0,3788.0,9680.0
1367,1367,20744.0,3321.0,7138.0
1368,1368,18623.0,3267.0,6450.0
1369,1369,18432.0,3122.0,6009.0
1370,1370,20327.0,3469.0,6439.0
1371,1371,21905.0,3451.0,7494.0
1372,1372,28502.0,4592.0,11155.0
1373,1373,31405.0,3797.0,10870.0
1374,1374,26473.0,3510.0,8581.0
1375,1375,21275.0,3276.0,7401.0
1376,1376,21448.0,2570.0,6814.0
1377,1377,23211.0,2973.0,7039.0
1378,1378,23216.0,3382.0,8165.0
1379,1379,29746.0,3917.0,10607.0
1380,1380,33237.0,3805.0,10373.0
1381,1381,23987.0,2971.0,7491.0
1382,1382,22849.0,3200.0,6539.0
1383,1383,22050.0,2760.0,5680.0
1384,1384,20171.0,2766.0,5774.0
1385,1385,24077.0,3460.0,7202.0
1386,1386,30298.0,4372.0,9713.0
1387,1387,29793.0,3878.0,9845.0
1388,1388,21768.0,3221.0,6822.0
1389,1389,19080.0,2921.0,6013.0
1390,1390,18792.0,3134.0,6121.0
1391,1391,18919.0,2940.0,6388.0
1392,1392,21626.0,3572.0,7665.0
1393,1393,27628.0,4267.0,10507.0
1394,1394,26974.0,3763.0,9893.0
1395,1395,21392.0,2994.0,7212.0
1396,1396,21890.0,3161.0,6837.0
1397,1397,25784.0,3401.0,7718.0
1398,1398,16319.0,1525.0,4000.0
1399,1399,16985.0,2709.0,6660.0
1400,1400,22000.0,3609.0,8847.0
1401,1401,24009.0,3250.0,8546.0
1402,1402,21873.0,3964.0,8468.0
1403,1403,20763.0,3264.0,6542.0
1404,1404,22236.0,3351.0,7018.0
1405,1405,20851.0,3241.0,7424.0
1406,1406,24634.0,3545.0,8784.0
1407,1407,29601.0,4451.0,9763.0
1408,1408,29168.0,4006.0,9353.0
1409,1409,23523.0,2920.0,6671.0
1410,1410,23051.0,3352.0,6264.0
1411,1411,22292.0,3365.0,6241.0
1412,1412,18824.0,2260.0,5031.0
1413,1413,23024.0,3351.0,7127.0
1414,1414,26728.0,4026.0,9282.0
1415,1415,28631.0,3993.0,9382.0
1416,1416,24135.0,3185.0,6807.0
1417,1417,20667.0,3125.0,6144.0
1418,1418,20575.0,3011.0,6566.0
1419,1419,22927.0,3138.0,6302.0
1420,1420,20091.0,3322.0,6421.0
1421,1421,25103.0,4347.0,8971.0
1422,1422,25926.0,3893.0,8669.0
1423,1423,22904.0,3454.0,7378.0
1424,1424,23893.0,3620.0,7349.0
1425,1425,21336.0,2564.0,5717.0
1426,1426,20.0,0.0,0.0
1427,1427,20588.0,3601.0,8720.0
1428,1428,20407.0,3542.0,8645.0
1429,1429,20663.0,3049.0,8182.0
1430,1430,19236.0,3195.0,7559.0
1431,1431,19369.0,2928.0,7120.0
1432,1432,23280.0,3048.0,7122.0
1433,1433,17537.0,2579.0,6336.0
1434,1434,25666.0,4362.0,9605.0
1435,1435,28020.0,3540.0,9525.0
1436,1436,28286.0,3482.0,7879.0
1437,1437,24896.0,3034.0,6761.0
1438,1438,24039.0,2862.0,5781.0
1439,1439,21233.0,2559.0,5373.0
1440,1440,21084.0,2541.0,5404.0
1441,1441,24722.0,3210.0,6453.0
1442,1442,30405.0,4103.0,9438.0
1443,1443,31664.0,3389.0,10013.0
1444,1444,25343.0,2948.0,7283.0
1445,1445,21066.0,2886.0,6372.0
1446,1446,21929.0,2651.0,6479.0
1447,1447,23072.0,2890.0,7101.0
1448,1448,23449.0,3308.0,8132.0
1449,1449,30173.0,4250.0,10746.0
1450,1450,27364.0,3655.0,9705.0
1451,1451,22686.0,3320.0,8406.0
1452,1452,18946.0,2769.0,6648.0
1453,1453,18680.0,2966.0,6463.0
1454,1454,17073.0,2723.0,5999.0
1455,1455,21519.0,3248.0,7454.0
1456,1456,27447.0,4280.0,10454.0
1457,1457,28499.0,4181.0,9943.0
1458,1458,20207.0,3196.0,6955.0
1459,1459,18547.0,2792.0,6534.0
1460,1460,18806.0,2822.0,6476.0
1461,1461,18140.0,3253.0,6832.0
1462,1462,23064.0,4163.0,10213.0
1463,1463,32468.0,5183.0,13177.0
1464,1464,27553.0,3576.0,9256.0
1465,1465,23799.0,3132.0,8075.0
1466,1466,25292.0,3716.0,8397.0
1467,1467,22528.0,3419.0,8045.0
1468,1468,23002.0,3795.0,7850.0
1469,1469,24697.0,3427.0,8685.0
1470,1470,33393.0,4878.0,12565.0
1471,1471,33980.0,3982.0,11757.0
1472,1472,27130.0,3414.0,8626.0
1473,1473,23701.0,3582.0,8181.0
1474,1474,24383.0,3413.0,7905.0
1475,1475,26897.0,3605.0,8068.0
1476,1476,24889.0,3801.0,8246.0
1477,1477,27659.0,4119.0,9836.0
1478,1478,28746.0,4073.0,11188.0
1479,1479,23988.0,3530.0,9629.0
1480,1480,19768.0,3275.0,7654.0
1481,1481,18125.0,3130.0,7250.0
1482,1482,18453.0,3234.0,7121.0
1483,1483,20872.0,3678.0,8569.0
1484,1484,25850.0,4304.0,11955.0
1485,1485,26932.0,4342.0,12485.0
1486,1486,19673.0,3177.0,8672.0
1487,1487,18685.0,3121.0,7974.0
1488,1488,17822.0,3269.0,8136.0
1489,1489,17921.0,3271.0,8031.0
1490,1490,19849.0,4042.0,9675.0
1491,1491,26374.0,4914.0,12866.0
1492,1492,28980.0,4606.0,11600.0
1493,1493,23531.0,3490.0,8377.0
1494,1494,23061.0,3267.0,8059.0
1495,1495,20843.0,3301.0,7630.0
1496,1496,22163.0,3471.0,7185.0
1497,1497,24332.0,3439.0,8166.0
1498,1498,28690.0,4599.0,10940.0
1499,1499,30939.0,4452.0,11988.0
1500,1500,24156.0,3288.0,8576.0
1501,1501,21362.0,3182.0,9053.0
1502,1502,21232.0,3281.0,8378.0
1503,1503,22790.0,3426.0,8175.0
1504,1504,23662.0,3547.0,9414.0
1505,1505,28353.0,4251.0,11867.0
1506,1506,32233.0,4523.0,12071.0
1507,1507,23103.0,3575.0,8817.0
1508,1508,20786.0,3109.0,7517.0
1509,1509,19329.0,3200.0,7418.0
1510,1510,18970.0,3090.0,7309.0
1511,1511,20787.0,3644.0,8568.0
1512,1512,26272.0,4236.0,11474.0
1513,1513,27824.0,4331.0,11859.0
1514,1514,21000.0,3249.0,8089.0
1515,1515,17007.0,3014.0,6820.0
1516,1516,20386.0,3342.0,8267.0
1517,1517,18994.0,3178.0,7730.0
1518,1518,20619.0,3730.0,8186.0
1519,1519,25981.0,4675.0,10875.0
1520,1520,27500.0,4214.0,10869.0
1521,1521,20364.0,3435.0,8100.0
1522,1522,19656.0,3256.0,8044.0
1523,1523,22077.0,3847.0,9136.0
1524,1524,22352.0,3385.0,8080.0
1525,1525,29325.0,4384.0,10399.0
1526,1526,32041.0,4800.0,11578.0
1527,1527,27635.0,3679.0,10322.0
1528,1528,23578.0,3816.0,8821.0
1529,1529,22066.0,3764.0,8081.0
1530,1530,22413.0,3534.0,8202.0
1531,1531,22856.0,3308.0,8273.0
1532,1532,23341.0,3947.0,9565.0
1533,1533,28740.0,4522.0,12010.0
1534,1534,31177.0,4156.0,11847.0
1535,1535,22827.0,3191.0,8476.0
1536,1536,22468.0,3330.0,7799.0
1537,1537,23119.0,3486.0,8085.0
1538,1538,20808.0,2991.0,7632.0
1539,1539,21824.0,2873.0,8362.0
1540,1540,26782.0,4385.0,11349.0
1541,1541,28414.0,4364.0,11581.0
1542,1542,20965.0,3265.0,8888.0
1543,1543,19239.0,3317.0,7671.0
1544,1544,19273.0,3495.0,7614.0
1545,1545,19381.0,3341.0,7936.0
1546,1546,21930.0,4015.0,8478.0
1547,1547,27548.0,4519.0,11531.0
1548,1548,28143.0,4463.0,10800.0
1549,1549,22109.0,3412.0,7923.0
1550,1550,19376.0,3098.0,7276.0
1551,1551,18440.0,3366.0,6861.0
1552,1552,20054.0,3318.0,7181.0
1553,1553,26192.0,4314.0,10470.0
1554,1554,31415.0,4312.0,11325.0
1555,1555,33010.0,4315.0,11777.0
1556,1556,24771.0,3927.0,9471.0
1557,1557,23947.0,3317.0,7825.0
1558,1558,23769.0,3626.0,7901.0
1559,1559,22221.0,3450.0,7650.0
1560,1560,24395.0,4228.0,8801.0
1561,1561,31497.0,4508.0,11264.0
1562,1562,25394.0,3762.0,8874.0
1563,1563,24658.0,3707.0,8827.0
1564,1564,23653.0,3392.0,7988.0
1565,1565,22032.0,3474.0,8179.0
1566,1566,21090.0,3170.0,7794.0
1567,1567,24383.0,3832.0,9549.0
1568,1568,27507.0,4533.0,12296.0
1569,1569,28068.0,4453.0,11972.0
1570,1570,21915.0,3453.0,8928.0
1571,1571,19435.0,3463.0,7773.0
1572,1572,19514.0,3538.0,8106.0
1573,1573,19400.0,3442.0,7759.0
1574,1574,22834.0,4177.0,9256.0
1575,1575,24287.0,4843.0,10845.0
1576,1576,23145.0,3952.0,10329.0
1577,1577,24038.0,3826.0,9953.0
1578,1578,19085.0,3740.0,8054.0
1579,1579,18855.0,3340.0,7902.0
1580,1580,18907.0,3322.0,7987.0
1581,1581,20106.0,3815.0,9004.0
1582,1582,25104.0,4316.0,11518.0
1583,1583,26777.0,4446.0,12240.0
1584,1584,23876.0,4185.0,10593.0
1585,1585,24951.0,3441.0,9032.0
1586,1586,24806.0,3781.0,9403.0
1587,1587,22797.0,3527.0,8598.0
1588,1588,26735.0,3790.0,9364.0
1589,1589,31506.0,4704.0,11297.0
1590,1590,32962.0,4255.0,11209.0
1591,1591,27594.0,3448.0,8880.0
1592,1592,26624.0,3184.0,8376.0
1593,1593,23633.0,3309.0,8234.0
1594,1594,24558.0,3166.0,7861.0
1595,1595,27193.0,3897.0,9192.0
1596,1596,29284.0,4224.0,11345.0
1597,1597,33602.0,4038.0,11341.0
1598,1598,34524.0,3819.0,9237.0
1599,1599,21346.0,2971.0,7381.0
1600,1600,20254.0,3331.0,7893.0
1601,1601,22419.0,3457.0,8549.0
1602,1602,24540.0,3989.0,9300.0
1603,1603,28664.0,4491.0,11100.0
1604,1604,27466.0,4002.0,9945.0
1605,1605,22424.0,3483.0,8939.0
1606,1606,21517.0,3183.0,8371.0
1607,1607,20419.0,3354.0,7849.0
1608,1608,21055.0,3309.0,8012.0
1609,1609,23007.0,3730.0,9208.0
1610,1610,26843.0,4153.0,11217.0
1611,1611,27385.0,4271.0,11290.0
1612,1612,21250.0,3798.0,8880.0
1613,1613,20492.0,3553.0,8134.0
1614,1614,23937.0,4028.0,10112.0
1615,1615,27128.0,3988.0,10728.0
1616,1616,35834.0,5360.0,12960.0
1617,1617,25710.0,3063.0,8716.0
1618,1618,28844.0,3940.0,10748.0
1619,1619,28086.0,3651.0,9801.0
1620,1620,25289.0,3581.0,8485.0
1621,1621,24232.0,3670.0,8147.0
1622,1622,26429.0,3633.0,8148.0
1623,1623,26862.0,3903.0,9130.0
1624,1624,31624.0,4501.0,11280.0
1625,1625,33585.0,4333.0,11676.0
1626,1626,26277.0,3390.0,9391.0
1627,1627,25155.0,3257.0,8419.0
1628,1628,25664.0,3531.0,8900.0
1629,1629,24624.0,3734.0,9120.0
1630,1630,27650.0,4118.0,10079.0
1631,1631,29362.0,4459.0,11839.0
1632,1632,30935.0,4672.0,12177.0
1633,1633,24475.0,3568.0,9504.0
1634,1634,22004.0,3478.0,8656.0
1635,1635,21473.0,3447.0,8456.0
1636,1636,21974.0,3554.0,8667.0
1637,1637,24470.0,3976.0,9995.0
1638,1638,27336.0,4009.0,11279.0
1639,1639,28447.0,4058.0,11687.0
1640,1640,23151.0,3555.0,9420.0
1641,1641,21370.0,3309.0,8276.0
1642,1642,20647.0,3006.0,7940.0
1643,1643,21418.0,3672.0,8497.0
1644,1644,25513.0,4499.0,11466.0
1645,1645,30788.0,4947.0,13415.0
1646,1646,34208.0,4401.0,12932.0
1647,1647,29976.0,4065.0,11216.0
1648,1648,24605.0,3559.0,9494.0
1649,1649,25804.0,3711.0,8764.0
1650,1650,25699.0,3414.0,8685.0
1651,1651,26559.0,3615.0,9963.0
1652,1652,31287.0,4688.0,12129.0
1653,1653,34965.0,4593.0,12403.0
1654,1654,25278.0,3565.0,9481.0
1655,1655,24541.0,3310.0,8598.0
1656,1656,25068.0,3555.0,8728.0
1657,1657,23609.0,3608.0,8838.0
1658,1658,26661.0,3875.0,10226.0
1659,1659,31524.0,4557.0,12355.0
1660,1660,33402.0,4407.0,12731.0
1661,1661,25751.0,3632.0,9729.0
1662,1662,22549.0,3485.0,9211.0
1663,1663,21440.0,3569.0,8698.0
1664,1664,20399.0,3280.0,8837.0
1665,1665,23172.0,3756.0,10035.0
1666,1666,27509.0,4736.0,12835.0
1667,1667,30046.0,4389.0,13161.0
1668,1668,22495.0,3481.0,9117.0
1669,1669,19432.0,3357.0,8506.0
1670,1670,19684.0,3744.0,8539.0
1671,1671,20179.0,3494.0,8403.0
1672,1672,23083.0,3765.0,9403.0
1673,1673,27956.0,4620.0,12660.0
1674,1674,30750.0,4420.0,13347.0
1675,1675,22742.0,3705.0,9438.0
1676,1676,23606.0,3876.0,10473.0
1677,1677,23616.0,3699.0,9275.0
1678,1678,26022.0,3595.0,10002.0
1679,1679,24884.0,4303.0,10083.0
1680,1680,31105.0,4304.0,12078.0
1681,1681,30802.0,4051.0,10395.0
1682,1682,30984.0,3900.0,10878.0
1683,1683,24625.0,3169.0,8375.0
1684,1684,26091.0,3465.0,8546.0
1685,1685,23652.0,3411.0,8630.0
1686,1686,26699.0,3902.0,9685.0
1687,1687,33062.0,4516.0,12525.0
1688,1688,34321.0,4510.0,12509.0
1689,1689,25746.0,3413.0,8912.0
1690,1690,25522.0,3406.0,8497.0
1691,1691,22361.0,3425.0,7859.0
1692,1692,22159.0,3685.0,8154.0
1693,1693,24862.0,4099.0,9728.0
1694,1694,31020.0,4723.0,12536.0
1695,1695,33168.0,4487.0,12324.0
1696,1696,23952.0,3350.0,8843.0
1697,1697,21737.0,3548.0,8233.0
1698,1698,21713.0,3430.0,8354.0
1699,1699,21615.0,3390.0,7962.0
1700,1700,24758.0,3847.0,10075.0
1701,1701,30063.0,4427.0,12146.0
1702,1702,31061.0,4435.0,12117.0
1703,1703,22385.0,3357.0,8520.0
1704,1704,19347.0,3284.0,7984.0
1705,1705,19656.0,3527.0,8087.0
1706,1706,23495.0,4224.0,9958.0
1707,1707,28869.0,4474.0,11033.0
1708,1708,36094.0,4930.0,13663.0
1709,1709,35413.0,4879.0,12603.0
1710,1710,29609.0,3488.0,9377.0
1711,1711,27077.0,3397.0,8381.0
1712,1712,24077.0,3693.0,8117.0
1713,1713,25654.0,3349.0,8816.0
1714,1714,29016.0,4278.0,10301.0
1715,1715,31332.0,4715.0,12740.0
1716,1716,33686.0,4248.0,11770.0
1717,1717,29101.0,3754.0,9385.0
1718,1718,24216.0,3390.0,8075.0
1719,1719,23134.0,3514.0,7600.0
1720,1720,24750.0,3629.0,7974.0
1721,1721,25100.0,4183.0,9139.0
1722,1722,30592.0,5213.0,12008.0
1723,1723,32013.0,4768.0,12183.0
1724,1724,23216.0,3690.0,8396.0
1725,1725,21671.0,3518.0,7915.0
1726,1726,20943.0,3854.0,7614.0
1727,1727,21407.0,3712.0,7651.0
1728,1728,24514.0,4313.0,9194.0
1729,1729,28678.0,4977.0,11351.0
1730,1730,29898.0,4958.0,11323.0
1731,1731,22443.0,3837.0,8812.0
1732,1732,20743.0,4036.0,7540.0
1733,1733,19954.0,3551.0,7762.0
1734,1734,21181.0,4070.0,7981.0
1735,1735,25171.0,4700.0,10643.0
1736,1736,26863.0,4888.0,10992.0
1737,1737,29443.0,4745.0,12806.0
1738,1738,23514.0,3797.0,9146.0
1739,1739,24325.0,4017.0,9655.0
1740,1740,20142.0,3646.0,8314.0
1741,1741,22225.0,4013.0,8437.0
1742,1742,25362.0,4325.0,9934.0
1743,1743,30094.0,4681.0,12566.0
1744,1744,31634.0,4932.0,11845.0
1745,1745,25378.0,3402.0,8135.0
1746,1746,21722.0,3666.0,7986.0
1747,1747,21893.0,3705.0,7740.0
1748,1748,22543.0,3551.0,7148.0
1749,1749,23272.0,4198.0,8725.0
1750,1750,30514.0,4746.0,12082.0
1751,1751,33444.0,4605.0,11706.0
1752,1752,23385.0,3907.0,8443.0
1753,1753,18746.0,3563.0,6865.0
1754,1754,20550.0,3765.0,7845.0
1755,1755,20554.0,3942.0,7869.0
1756,1756,24562.0,4424.0,9371.0
1757,1757,27164.0,4498.0,11131.0
1758,1758,28639.0,4817.0,11469.0
1759,1759,22584.0,3819.0,8737.0
1760,1760,22388.0,3901.0,7933.0
1761,1761,27049.0,4187.0,8888.0
1762,1762,16789.0,1631.0,5211.0
1763,1763,16847.0,3248.0,7486.0
1764,1764,20830.0,4060.0,9322.0
1765,1765,23727.0,4057.0,9998.0
1766,1766,19997.0,3796.0,8223.0
1767,1767,21368.0,4193.0,9257.0
1768,1768,21893.0,3620.0,8219.0
1769,1769,23910.0,4478.0,9641.0
1770,1770,23329.0,4397.0,10461.0
1771,1771,29867.0,5287.0,11871.0
1772,1772,31794.0,4919.0,11702.0
1773,1773,23267.0,3637.0,8504.0
1774,1774,21889.0,3590.0,7434.0
1775,1775,22372.0,3627.0,7691.0
1776,1776,20841.0,3738.0,7580.0
1777,1777,23632.0,4209.0,8502.0
1778,1778,29677.0,4973.0,11325.0
1779,1779,29546.0,4738.0,10849.0
1780,1780,25062.0,3876.0,8584.0
1781,1781,24296.0,3761.0,8073.0
1782,1782,22432.0,3861.0,7830.0
1783,1783,23600.0,3955.0,7899.0
1784,1784,22330.0,4142.0,8284.0
1785,1785,27459.0,5001.0,11028.0
1786,1786,27441.0,4878.0,10692.0
1787,1787,22816.0,4015.0,8691.0
1788,1788,23904.0,3966.0,8742.0
1789,1789,25401.0,4271.0,9080.0
1790,1790,24801.0,3408.0,8018.0
1791,1791,13.0,0.0,1.0
1792,1792,22488.0,4977.0,10912.0
1793,1793,21520.0,4092.0,9766.0
1794,1794,18407.0,3428.0,8129.0
1795,1795,19586.0,3607.0,8700.0
1796,1796,21653.0,3686.0,8788.0
1797,1797,28448.0,4199.0,10412.0
1798,1798,21078.0,3182.0,8391.0
1799,1799,27822.0,4951.0,11964.0
1800,1800,29314.0,3860.0,11166.0
1801,1801,23620.0,3742.0,9331.0
1802,1802,23769.0,3327.0,8210.0
1803,1803,22361.0,3240.0,7084.0
1804,1804,24445.0,3327.0,8172.0
1805,1805,26351.0,3772.0,8813.0
1806,1806,35798.0,4836.0,12246.0
1807,1807,32270.0,4378.0,10721.0
1808,1808,27101.0,3209.0,7676.0
1809,1809,24972.0,3040.0,7110.0
1810,1810,22345.0,3017.0,6869.0
1811,1811,24669.0,3421.0,7766.0
1812,1812,28620.0,3730.0,9440.0
1813,1813,34155.0,4724.0,12267.0
1814,1814,30334.0,4133.0,11066.0
1815,1815,25872.0,3329.0,9139.0
1816,1816,21864.0,3048.0,7076.0
1817,1817,21667.0,3399.0,7618.0
1818,1818,20893.0,3374.0,7512.0
1819,1819,23987.0,3763.0,8557.0
1820,1820,31424.0,4812.0,12691.0
1821,1821,31610.0,4107.0,12115.0
1822,1822,22259.0,3505.0,8625.0
1823,1823,19981.0,3040.0,7425.0
1824,1824,20132.0,3596.0,7621.0
1825,1825,21111.0,3420.0,7935.0
1826,1826,24055.0,3978.0,9606.0
1827,1827,30863.0,5139.0,13102.0
1828,1828,32698.0,5154.0,12979.0
1829,1829,26690.0,4104.0,10920.0
1830,1830,23333.0,3304.0,8291.0
1831,1831,26298.0,3733.0,9309.0
1832,1832,23300.0,3597.0,8527.0
1833,1833,26722.0,4039.0,9432.0
1834,1834,37412.0,5097.0,12531.0
1835,1835,32421.0,4086.0,10386.0
1836,1836,25144.0,3171.0,8489.0
1837,1837,26372.0,3593.0,8548.0
1838,1838,26112.0,3625.0,9616.0
1839,1839,30452.0,3896.0,10236.0
1840,1840,30248.0,3835.0,10139.0
1841,1841,35686.0,4965.0,13064.0
1842,1842,32998.0,4103.0,11236.0
1843,1843,31682.0,3593.0,10877.0
1844,1844,25542.0,3546.0,8614.0
1845,1845,24359.0,3394.0,8792.0
1846,1846,23740.0,3603.0,9093.0
1847,1847,26388.0,3938.0,10066.0
1848,1848,32750.0,4904.0,13203.0
1849,1849,34196.0,4528.0,13357.0
1850,1850,24198.0,3693.0,9437.0
1851,1851,22133.0,3295.0,8553.0
1852,1852,21961.0,3304.0,8803.0
1853,1853,22406.0,3314.0,8895.0
1854,1854,24208.0,3957.0,9484.0
1855,1855,31067.0,4389.0,12431.0
1856,1856,32834.0,4884.0,13197.0
1857,1857,24087.0,3449.0,9723.0
1858,1858,23458.0,3513.0,9565.0
1859,1859,25150.0,3813.0,9495.0
1860,1860,27241.0,3860.0,10358.0
1861,1861,25878.0,3703.0,9744.0
1862,1862,35200.0,4636.0,12486.0
1863,1863,38547.0,4879.0,13792.0
1864,1864,27978.0,3356.0,9228.0
1865,1865,26276.0,3240.0,8211.0
1866,1866,25601.0,3203.0,8228.0
1867,1867,25491.0,3787.0,8989.0
1868,1868,27897.0,3333.0,9657.0
1869,1869,34734.0,4810.0,13167.0
1870,1870,34710.0,4229.0,12482.0
1871,1871,29086.0,3593.0,9356.0
1872,1872,27703.0,3552.0,8862.0
1873,1873,24605.0,3621.0,8380.0
1874,1874,23502.0,3218.0,8289.0
1875,1875,26455.0,3794.0,9403.0
1876,1876,29999.0,4735.0,11447.0
1877,1877,31758.0,4006.0,12061.0
1878,1878,24910.0,3342.0,9108.0
1879,1879,24242.0,3140.0,8093.0
1880,1880,23262.0,3422.0,8102.0
1881,1881,22874.0,3352.0,7777.0
1882,1882,30906.0,4230.0,10475.0
1883,1883,37135.0,4476.0,12252.0
1884,1884,32236.0,3643.0,10481.0
1885,1885,23285.0,3555.0,9201.0
1886,1886,22191.0,3446.0,8220.0
1887,1887,21017.0,3333.0,8009.0
1888,1888,22127.0,3421.0,9133.0
1889,1889,28627.0,4790.0,12119.0
1890,1890,34284.0,4863.0,13525.0
1891,1891,37633.0,4903.0,13889.0
1892,1892,27025.0,3661.0,9732.0
1893,1893,27243.0,3477.0,8963.0
1894,1894,27238.0,3379.0,8517.0
1895,1895,25655.0,3443.0,9018.0
1896,1896,29449.0,4066.0,9705.0
1897,1897,38334.0,4739.0,13267.0
1898,1898,36446.0,4525.0,12885.0
1899,1899,29091.0,3716.0,9620.0
1900,1900,27424.0,3384.0,8261.0
1901,1901,23888.0,3557.0,7748.0
1902,1902,25456.0,3786.0,8287.0
1903,1903,28682.0,3786.0,9321.0
1904,1904,32007.0,4634.0,11721.0
1905,1905,34497.0,4820.0,12323.0
1906,1906,26151.0,3323.0,8585.0
1907,1907,24948.0,3787.0,8835.0
1908,1908,23632.0,3472.0,8239.0
1909,1909,23317.0,3353.0,8363.0
1910,1910,26704.0,4085.0,9728.0
1911,1911,31927.0,4787.0,12248.0
1912,1912,32654.0,4683.0,12458.0
1913,1913,,,
1914,1914,,,
1915,1915,,,
1916,1916,,,
1917,1917,,,
1918,1918,,,
1919,1919,,,
1920,1920,,,
1921,1921,,,
1922,1922,,,
1923,1923,,,
1924,1924,,,
1925,1925,,,
1926,1926,,,
1927,1927,,,
1928,1928,,,
1929,1929,,,
1930,1930,,,
1931,1931,,,
1932,1932,,,
1933,1933,,,
1934,1934,,,
1935,1935,,,
1936,1936,,,
1937,1937,,,
1938,1938,,,
1939,1939,,,
1940,1940,,,
1941,1941,,,
1942,1942,,,
1943,1943,,,
1944,1944,,,
1945,1945,,,
1946,1946,,,
1947,1947,,,
1948,1948,,,
1949,1949,,,
1950,1950,,,
1951,1951,,,
1952,1952,,,
1953,1953,,,
1954,1954,,,
1955,1955,,,
1956,1956,,,
1957,1957,,,
1958,1958,,,
1959,1959,,,
1960,1960,,,
1961,1961,,,
1962,1962,,,
1963,1963,,,
1964,1964,,,
1965,1965,,,
1966,1966,,,
1967,1967,,,
1968,1968,,,
